+AHs-,
Previous Close,+ACI-1,069.57+ACI-
Open,+ACI-1,083.49+ACI-
Bid,+ACI-1,101.95 x 800+ACI-
Ask,+ACI-1,105.98 x 1000+ACI-
Day's Range,+ACI-1,053.96 +AC0- 1,109.93+ACI-
52 Week Range,+ACI-984.00 +AC0- 1,291.44+ACI-
Volume,+ACI-1,914+ACI-
Avg. Volume,+ACI-1,983,486+ACI-
Market Cap,765.124B
Beta (3Y Monthly),1.32
PE Ratio (TTM),47.86
EPS (TTM),23155
Earnings Date,2019+AC0-01+AC0-30 to 2019+AC0-02+AC0-04
Forward Dividend +ACY- Yield,N/A (N/A)
Ex+AC0-Dividend Date,N/A
1y Target Est, 1352.4
ticker,googl
url,http://finance.yahoo.com/quote/googl?p+AD0-googl
+AH0-,
